{
  "/-39" : {
    "transaction" : "/-39",
    "sampleCount" : 1,
    "errorCount" : 0,
    "errorPct" : 0.0,
    "meanResTime" : 5487.0,
    "medianResTime" : 5487.0,
    "minResTime" : 5487.0,
    "maxResTime" : 5487.0,
    "pct1ResTime" : 5487.0,
    "pct2ResTime" : 5487.0,
    "pct3ResTime" : 5487.0,
    "throughput" : 0.18224895206852562,
    "receivedKBytesPerSec" : 1.2262649216329506,
    "sentKBytesPerSec" : 0.0783100965919446
  },
  "/lenovo-thinkpad-x1-carbon-laptop" : {
    "transaction" : "/lenovo-thinkpad-x1-carbon-laptop",
    "sampleCount" : 1,
    "errorCount" : 0,
    "errorPct" : 0.0,
    "meanResTime" : 1474.0,
    "medianResTime" : 1474.0,
    "minResTime" : 1474.0,
    "maxResTime" : 1474.0,
    "pct1ResTime" : 1474.0,
    "pct2ResTime" : 1474.0,
    "pct3ResTime" : 1474.0,
    "throughput" : 0.6784260515603798,
    "receivedKBytesPerSec" : 7.67204460651289,
    "sentKBytesPerSec" : 0.3001240247625509
  },
  "/asus-n551jk-xo076h-laptop" : {
    "transaction" : "/asus-n551jk-xo076h-laptop",
    "sampleCount" : 1,
    "errorCount" : 0,
    "errorPct" : 0.0,
    "meanResTime" : 1470.0,
    "medianResTime" : 1470.0,
    "minResTime" : 1470.0,
    "maxResTime" : 1470.0,
    "pct1ResTime" : 1470.0,
    "pct2ResTime" : 1470.0,
    "pct3ResTime" : 1470.0,
    "throughput" : 0.6802721088435374,
    "receivedKBytesPerSec" : 7.724144345238096,
    "sentKBytesPerSec" : 0.2962903911564626
  },
  "Total" : {
    "transaction" : "Total",
    "sampleCount" : 9,
    "errorCount" : 0,
    "errorPct" : 0.0,
    "meanResTime" : 1453.2222222222222,
    "medianResTime" : 1094.0,
    "minResTime" : 350.0,
    "maxResTime" : 5487.0,
    "pct1ResTime" : 5487.0,
    "pct2ResTime" : 5487.0,
    "pct3ResTime" : 5487.0,
    "throughput" : 0.6488824801730354,
    "receivedKBytesPerSec" : 4.007356254506129,
    "sentKBytesPerSec" : 0.3236667492790195
  },
  "/search" : {
    "transaction" : "/search",
    "sampleCount" : 2,
    "errorCount" : 0,
    "errorPct" : 0.0,
    "meanResTime" : 869.0,
    "medianResTime" : 869.0,
    "minResTime" : 503.0,
    "maxResTime" : 1235.0,
    "pct1ResTime" : 1235.0,
    "pct2ResTime" : 1235.0,
    "pct3ResTime" : 1235.0,
    "throughput" : 0.3709886848451122,
    "receivedKBytesPerSec" : 2.3741102068261917,
    "sentKBytesPerSec" : 0.1525256214060471
  },
  "/cart" : {
    "transaction" : "/cart",
    "sampleCount" : 2,
    "errorCount" : 0,
    "errorPct" : 0.0,
    "meanResTime" : 381.5,
    "medianResTime" : 381.5,
    "minResTime" : 350.0,
    "maxResTime" : 413.0,
    "pct1ResTime" : 413.0,
    "pct2ResTime" : 413.0,
    "pct3ResTime" : 413.0,
    "throughput" : 0.5120327700972862,
    "receivedKBytesPerSec" : 2.4204049059139785,
    "sentKBytesPerSec" : 0.21751392089093702
  },
  "/addProductToCard" : {
    "transaction" : "/addProductToCard",
    "sampleCount" : 2,
    "errorCount" : 0,
    "errorPct" : 0.0,
    "meanResTime" : 1073.5,
    "medianResTime" : 1073.5,
    "minResTime" : 1053.0,
    "maxResTime" : 1094.0,
    "pct1ResTime" : 1094.0,
    "pct2ResTime" : 1094.0,
    "pct3ResTime" : 1094.0,
    "throughput" : 0.43393360815795184,
    "receivedKBytesPerSec" : 0.8543067910609676,
    "sentKBytesPerSec" : 0.3275690225645476
  }
}